<?xml version="1.0" encoding="UTF-8" standalone="no"?>
<youtube>
    <cuentas>
        <cuenta nombre="Aprende Bases de datos">
            <editor edad="22">
                <nombre>Javi</nombre>
                <email>javi@gmail.com</email>
            </editor>
            <videos>
                <video likes="5466" nombre="Entidad relación">
                    <duracion>123</duracion>
                    <descripcion>Aprende Entidad/Relación</descripcion>
                </video>
                <video likes="6875" nombre="Diseño Relacional">
                    <duracion>56</duracion>
                    <descripcion>Aprende Diseño relacional</descripcion>
                </video>
                <video likes="504" nombre="Diseño Físico">
                    <duracion>35</duracion>
                    <descripcion>Aprende Diseño Físico</descripcion>
                </video>
            </videos>
        </cuenta>
        <cuenta nombre="Ciencia y naturaleza">
            <editor edad="25">
                <nombre>Clara</nombre>
                <email>clara@hotmail.com</email>
            </editor>
            <videos>
                <video likes="145877" nombre="Oceanía">
                    <duracion>54</duracion>
                    <descripcion>Descubre Oceanía</descripcion>
                </video>
            </videos>
        </cuenta>
        <cuenta nombre="Ciclismo">
            <editor edad="30">
                <nombre>Pablo</nombre>
                <email>pablo@gmail.com</email>
            </editor>
            <videos/>
        </cuenta>
    </cuentas>
</youtube>
